ID,3,4,5,6,7,8,9,10,11,12,13,14,15,16,17,18,19,20,21,22,23,24,25,26,27,28,29,30,31,32,33,34,35,36,37,38,39,40
3,0,74.9,190,160,109,125,125,200,150,96.9,40.5,113,87,230,150,88,275,253,197,275,210,165,225,362,225,253,170,59.7,150,170,50,125,150,270,152,210,220,220
4,74.9,0,150,120,96.2,161,161,180,130,96.9,71.5,166,180,270,230,150,280,220,250,320,190,210,260,330,180,220,160,120,180,190,140,170,200,270,260,220,230,250
5,190,150,0,20,65.5,117,117,15,75,150,180,240,255,340,305,190,120,150,110,180,130,160,210,280,160,140,120,110,170,180,140,150,190,200,190,130,140,90
6,160,120,20,0,57.3,102,102,35,55,114,170,220,235,310,280,170,90,130,100,170,120,150,190,260,150,130,110,100,160,170,130,140,180,190,180,120,130,80
7,109,96.2,65.5,57.3,0,61.6,61.6,80,72.8,96.9,150,200,215,290,260,150,110,140,110,180,130,160,190,270,150,140,120,110,170,180,130,140,180,200,190,110,120,90
8,125,161,117,102,61.6,0,48.4,130,140,66.2,120,160,175,250,220,110,90,100,80,150,90,110,140,210,120,110,70,90,130,140,100,110,150,160,150,80,90,140
9,125,161,117,102,61.6,48.4,0,130,140,66.2,110,150,165,240,210,100,130,120,110,170,120,140,180,240,110,130,80,90,140,150,110,120,160,180,160,70,80,130
10,200,180,15,35,80,130,130,0,90,180,190,250,265,350,320,200,100,120,90,160,110,130,170,240,140,120,100,110,160,170,130,140,180,200,180,90,100,70
11,150,130,75,55,72.8,140,140,90,0,142,180,240,255,340,310,200,120,150,110,180,130,160,200,270,160,140,120,130,170,180,140,150,190,200,190,100,110,90
12,96.9,96.9,150,114,96.9,66.2,66.2,180,142,0,85.4,122.3,136.7,228.4,189.1,116.8,245.7,172.5,211.3,290.6,130.4,153.2,197.5,250.8,110.3,157.7,91.2,83.5,112.3,123.7,102.8,98.6,151.4,210.9,202.1,245.3,230,210
13,40.5,71.5,180,170,150,120,110,190,180,85.4,0,39.4,57.2,163.3,125.1,33.6,210.7,190.8,172.4,292.5,175.9,192.3,240.5,312.8,145.3,188.7,141.6,47.6,128.4,139.2,65.2,111.6,123.9,185.3,200.2,260.3,250,270
14,113,166,240,220,200,160,150,250,240,122.3,39.4,0,18.6,126.7,85.5,25.3,235.8,206.4,188,308.1,191.5,208.7,256.9,330.2,162.3,205.6,158.7,56.7,137.3,148.5,73.4,118.6,131.5,196.4,211.3,270.5,260,280
15,87,180,255,235,215,175,165,265,255,136.7,57.2,18.6,0,112.3,74.6,46.7,252.3,215.4,197.1,320.5,208.6,225.3,275.9,345.2,180.4,222.6,175.6,67.8,145.4,156.8,81.5,125.7,142.3,210.7,225.3,285.4,275,295
16,230,270,340,310,290,250,240,350,340,228.4,163.3,126.7,112.3,0,42.3,98.4,274.1,230.7,212.3,333.2,216.4,233.8,283.7,355.3,195,240.6,183.2,92.1,158.3,168.9,105,149.5,168.2,227.4,240.6,300.8,290,310
17,150,230,305,280,260,220,210,320,310,189.1,125.1,85.5,74.6,42.3,0,62.4,292.5,250.7,230.2,352.3,230.6,250.1,297.4,370.8,205.9,245.2,195.3,103.4,162.9,172.6,112.3,158.6,175.9,235.2,247.4,305.6,295,310
18,88,150,190,170,150,110,100,200,200,116.8,33.6,25.3,46.7,98.4,62.4,0,250.6,210.7,190.2,310.3,202.5,220.1,265.4,340.2,170.3,220.9,140.6,70.2,120.7,130.5,90.4,135.8,150.9,210.4,230.2,250.6,240,260
19,275,280,120,90,110,90,130,100,120,245.7,210.7,235.8,252.3,274.1,292.5,250.6,0,78.2,32.6,112.4,75.3,90.1,98.4,152.3,87.5,63.6,145.8,178.4,150.9,160.6,185.7,172.9,210.4,130.5,100.7,120.3,115,125
20,253,220,150,130,140,100,120,120,150,172.5,190.8,206.4,215.4,230.7,250.7,210.7,78.2,0,90.3,132.8,68.4,75.9,45.6,150.3,85.2,15,155.6,175,140.2,150.6,160.8,175.3,195.6,90.5,60.3,120.4,110.8,140.7
21,197,250,110,100,110,80,110,90,110,211.3,172.4,188,197.1,212.3,230.2,190.2,32.6,90.3,0,130.4,98.7,110.2,120.5,180.3,95.4,90.6,160.3,190.5,170.2,180.6,200.8,180.4,210.6,120.5,90.8,150.7,140.2,170.6
22,275,320,180,170,180,150,170,160,180,290.6,292.5,308.1,320.5,333.2,352.3,310.3,112.4,132.8,130.4,0,89.4,100.7,110.5,135.3,80.6,95.8,155.4,190.3,175.7,180.9,200.4,185.2,220.5,130.6,100.3,160.8,150.2,180.7
23,210,190,130,120,130,90,120,110,130,130.4,175.9,191.5,208.6,216.4,230.6,202.5,75.3,68.4,98.7,89.4,0,34.5,45.2,80.3,40.6,25.8,120.4,150.2,135.6,140.8,160.3,145.1,170.4,90.2,60.7,120.3,110.8,140.2
24,165,210,160,150,160,110,140,130,160,153.2,192.3,208.7,225.3,233.8,250.1,220.1,90.1,75.9,110.2,100.7,34.5,0,65.2,95.3,45.8,40.5,120.9,145.7,130.1,140.5,160.7,145.6,170.8,95.2,65.7,125.3,115.8,145.2
25,225,260,210,190,190,140,180,170,200,197.5,240.5,256.9,275.9,283.7,297.4,265.4,98.4,45.6,120.5,110.5,45.2,65.2,0,58.3,40.2,25.9,125.3,145.8,135.2,140.6,165.4,150.3,180.7,98.4,68.9,128.5,120.9,150.4
26,362,330,280,260,270,210,240,240,270,250.8,312.8,330.2,345.2,355.3,370.8,340.2,152.3,150.3,180.3,135.3,80.3,95.3,58.3,0,70.3,60.2,135.8,160.3,150.7,165.9,185.6,170.4,200.7,120.8,95.2,140.6,130.9,170.3
27,225,180,160,150,150,120,110,140,160,110.3,145.3,162.3,180.4,195,205.9,170.3,87.5,85.2,95.4,80.6,40.6,45.8,40.2,70.3,0,55.2,120.3,145.6,135.2,150.4,165.9,155.7,180.2,98.4,68.9,125.4,110.6,145.8
28,253,220,140,130,140,110,130,120,140,157.7,188.7,205.6,222.6,240.6,245.2,220.9,63.6,15,90.6,95.8,25.8,40.5,25.9,60.2,55.2,0,115.3,140.6,125.2,130.4,155.9,145.7,170.2,85.4,55.8,110.7,95.3,135.6
29,170,160,120,110,120,70,80,100,120,91.2,141.6,158.7,175.6,183.2,195.3,140.6,145.8,155.6,160.3,155.4,120.4,120.9,125.3,135.8,120.3,115.3,0,95.6,15.2,20.4,110.7,45.3,135.9,75.8,50.6,120.3,110.8,150.2
30,59.7,120,110,100,110,90,90,110,130,83.5,47.6,56.7,67.8,92.1,103.4,70.2,178.4,175,190.5,190.3,150.2,145.7,145.8,160.3,145.6,140.6,95.6,0,80.4,85.6,50.3,90.7,60.2,110.9,95.4,150.6,140.2,170.8
31,150,180,170,160,170,130,140,160,170,112.3,128.4,137.3,145.4,158.3,162.9,120.7,150.9,140.2,170.2,175.7,135.6,130.1,135.2,150.7,135.2,125.2,15.2,80.4,0,10.2,95.3,35.6,120.4,85.7,60.3,140.8,130.5,160.2
32,170,190,180,170,180,140,150,170,180,123.7,139.2,148.5,156.8,168.9,172.6,130.5,160.6,150.6,180.6,180.9,140.8,140.5,140.6,165.9,150.4,130.4,20.4,85.6,10.2,0,90.4,30.6,115.4,80.3,55.2,130.7,120.3,150.9
33,50,140,140,130,130,100,110,130,140,102.8,65.2,73.4,81.5,105,112.3,90.4,185.7,160.8,200.8,200.4,160.3,160.7,165.4,185.6,165.9,155.9,110.7,50.3,95.3,90.4,0,65.2,80.3,95.7,70.6,120.4,110.9,140.5
34,125,170,150,140,140,110,120,140,150,98.6,111.6,118.6,125.7,149.5,158.6,135.8,172.9,175.3,180.4,185.2,145.1,145.6,150.3,170.4,155.7,145.7,45.3,90.7,35.6,30.6,65.2,0,75.3,90.7,65.5,115.8,105.6,135.4
35,150,200,190,180,180,150,160,180,190,151.4,123.9,131.5,142.3,168.2,175.9,150.9,210.4,195.6,210.6,220.5,170.4,170.8,180.7,200.7,180.2,170.2,135.9,60.2,120.4,115.4,80.3,75.3,0,105.4,80.2,130.5,120.9,150.7
36,270,270,200,190,200,160,180,200,200,210.9,185.3,196.4,210.7,227.4,235.2,210.4,130.5,90.5,120.5,130.6,90.2,95.2,98.4,120.8,98.4,85.4,75.8,110.9,85.7,80.3,95.7,90.7,105.4,0,40.2,90.6,80.7,110.3
37,152,260,190,180,190,150,160,180,190,202.1,200.2,211.3,225.3,240.6,247.4,230.2,100.7,60.3,90.8,100.3,60.7,65.7,68.9,95.2,68.9,55.8,50.6,95.4,60.3,55.2,70.6,65.5,80.2,40.2,0,70.5,60.4,95.8
38,210,220,130,120,110,80,70,90,100,245.3,260.3,270.5,285.4,300.8,305.6,250.6,120.3,120.4,150.7,160.8,120.3,125.3,128.5,140.6,125.4,110.7,120.3,150.6,140.8,130.7,120.4,115.8,130.5,90.6,70.5,0,20.3,50.7
39,220,230,140,130,120,90,80,100,110,230,250,260,275,290,295,240,115,110.8,140.2,150.2,110.8,115.8,120.9,130.9,110.6,95.3,110.8,140.2,130.5,120.3,110.9,105.6,120.9,80.7,60.4,20.3,0,40.5
40,220,250,90,80,90,140,130,70,90,210,270,280,295,310,310,260,125,140.7,170.6,180.7,140.2,145.2,150.4,170.3,145.8,135.6,150.2,170.8,160.2,150.9,140.5,135.4,150.7,110.3,95.8,50.7,40.5,0
